Band_Index,Combined_Importance,Undefined_Importance,Water_Importance,Non-Water_Importance,Raw_SHAP_Undefined,Raw_SHAP_Water,Raw_SHAP_Non-Water,Is_Selected,Rank
93,0.14973567749165131,0.016404045184632444,0.15972128358565915,0.1537849800615402,4.08323830149504e-05,-0.000513320844842903,0.000593130823068491,1,1
85,0.14786554235800048,0.024121983188757943,0.1170131371856616,0.1917435853376281,3.6784781285659614e-05,-0.00025977688296323175,0.0005420555841703459,1,2
87,0.13256535850766205,0.0014432828353161142,0.10601870907975934,0.17291433169054854,1.4874413423614611e-05,-0.0005209281718311048,0.0008686167587949125,1,3
81,0.13075397024645108,0.0023053773813226544,0.08851813680908605,0.18651070819593488,5.915353204652414e-06,-0.00020249925475606458,0.00048561886317906463,1,4
91,0.13015718006643562,0.006924860753588894,0.12206143324934442,0.15122474996908963,9.098995685128662e-05,-0.0004469880094338123,0.00043855092275163347,1,5
89,0.12574158925751877,0.015740001953974257,0.08969796489961764,0.17336432806842464,-6.915340765371064e-05,-0.0002633442012544075,0.0006143650483788224,1,6
83,0.12189299435296667,0.015720020831387918,0.08498049973462717,0.16998159144726185,-2.592367309893614e-06,-0.0003773298866924553,0.0007794359422313899,1,7
79,0.11358250765740877,0.03783617727501761,0.07831451036452687,0.1568238028852792,-0.00011729854753590914,-0.00029560873467293137,0.000499756516907194,1,8
95,0.10057740703662595,0.021410796996287566,0.07798154840991733,0.13150659303600176,0.0001251621681437569,-0.00036364533701730117,0.0005093648887100929,1,9
97,0.09485507966237286,0.011612453098721592,0.07169630485080504,0.12677623621748293,1.4932257974280064e-05,-0.00029753610232913333,0.0004251978334013936,1,10
86,0.07711880491192988,0.0609799865936752,0.0504574590597203,0.10547897374500838,7.497536782962378e-05,-0.00010351349806019292,0.0004234230445757665,1,11
77,0.07610305423657249,0.01775509205112286,0.0657121717689,0.09263582746060811,8.179372311508015e-05,-0.00012727566967642018,0.0004072607368107628,1,12
92,0.07557197180120745,0.014849232782601151,0.05375419203593967,0.10378161883159169,4.959499326858742e-05,-0.0001791036625442406,0.0001958075448527775,1,13
90,0.07482532364121589,0.020429220582102656,0.06350721919728786,0.09186933367031375,-0.00011965994898971738,-0.00018233933680812046,0.0002503140314250256,1,14
51,0.06892008750539136,0.007317419667527401,0.10814679833271679,0.03617786802942004,4.157279400833668e-05,0.00024007709033579654,-4.835497057872947e-05,1,15
84,0.06460837698623785,0.012088424034786167,0.047820028250462256,0.08692514182216626,5.206232297692714e-05,-0.00015190695439110246,0.00017435280800120394,1,16
82,0.06421931887045228,0.01990700355728126,0.03887317893223188,0.09422991305216437,-2.428855867710744e-05,-6.436453740084183e-05,0.00012295990574306165,1,17
88,0.06114776401538091,0.0020754200988019863,0.047438414590932274,0.08107525490473261,0.0001547305193965917,-0.00017107959560776854,0.00034377996743925485,1,18
55,0.060707002542648526,0.03210316709306391,0.11391285693816595,0.010512078194455807,0.00010899608963607063,0.00021021567324048965,-4.1511495230781096e-05,1,19
53,0.05974467614137312,0.05841526368842094,0.08708857564728106,0.032540714788407504,0.00012966000963938586,0.00011602808269884469,5.500052999957046e-06,1,20
57,0.05932818709251244,0.03358975131862371,0.08250076270281527,0.03886492051104001,-1.2921408263886232e-05,0.00012745552709348144,-0.0001311914748080492,1,21
94,0.053053044700496405,0.01671010024895819,0.04702271854757042,0.0629089439535843,7.670763131421569e-05,-9.691902512932738e-05,0.000238833684860848,1,22
47,0.04769281261106406,0.06621186288663591,0.04689924076321627,0.04653701074569376,-0.00015444334985028414,9.729586614997239e-05,-5.408377532387775e-05,1,23
52,0.04483193954411852,0.0123145178148988,0.08041414693958304,0.012672618646466604,2.841298703347402e-05,0.0001619259335148714,0.00016616198956156272,1,24
98,0.04479967174354811,0.012314104520131453,0.04260990997045323,0.05040896690858159,-3.750046204975214e-05,-0.00014853819482990054,0.00016603120996943165,1,25
99,0.04454312105631349,0.003166696102453776,0.04175182850364392,0.05168982676202091,6.396281661110221e-05,-0.00010105977667850114,0.00012234479412427985,1,26
78,0.04410228563742723,0.03934982667819439,0.022461832942910594,0.06624299716975784,8.605872350348657e-05,-5.097488429938119e-06,0.0002163619374889364,1,27
43,0.04362381981505016,0.05545772065017962,0.05094938248170297,0.035052583376278465,-0.00020685613719671544,0.0001379229323545478,-3.134661978640724e-05,1,28
75,0.04284616518850986,0.050713647834149306,0.030211159680991605,0.054653014628066064,-1.7888694261374087e-05,-0.00010656459825351389,0.00021601162653106908,1,29
80,0.04109951461829183,0.01476623467446246,0.01748590506343465,0.06748504837776265,2.1421353453332558e-05,-0.00016629001245798826,0.0003142720579835088,1,30
56,0.03532992946298294,0.0014662890653772817,0.035303319014640046,0.03892113363738959,4.176290934682741e-05,9.788418099765259e-05,1.0401661185690109e-05,1,31
44,0.03506561759248912,0.04331616689625784,0.0333498464099472,0.03591290990095014,-4.362048958436008e-05,-4.081535306526586e-05,-7.526009310645726e-05,1,32
76,0.034923443534943865,0.015144151035055335,0.028704013944880383,0.043224903914469294,1.814962214259073e-06,-0.00010048534188793616,1.3062185887996337e-05,1,33
48,0.03426209044231933,0.0013610657391623874,0.04546615001431352,0.026521296628552186,-3.863907604121444e-05,5.531939028879048e-05,-0.00011279381530737257,1,34
39,0.032987092651435894,0.046580310022997826,0.03883551247592479,0.0257078078404668,-0.00017494489904301447,0.00010807665346105682,-9.084181190325668e-05,1,35
49,0.03153804906408439,0.030947903398680237,0.010637557738663381,0.05250066098586373,-4.839112864802868e-05,9.539310659978377e-05,-0.0001528936679722318,1,36
59,0.03125424689795563,0.007256689524174531,0.0505367668424407,0.014497785624394893,0.00012029269638610825,0.0002571701581322795,4.526662335456238e-05,1,37
27,0.02937050470888528,0.029706524809057333,0.05024405916885684,0.008461579712053505,-0.00021215093932814677,0.00034108240719730803,4.9851768235492766e-05,1,38
35,0.029170118591228936,0.02996653952638823,0.05612438730391152,0.002132016095898009,-0.0001063169643245589,0.0002607093029792031,-2.774839216818513e-06,1,39
31,0.028801350565407873,0.01604414762072711,0.048054927957103706,0.010890636641573184,-6.673043612218339e-05,0.00022684475762553113,5.120721399375465e-05,1,40
73,0.027812728758197743,0.02759389728657594,0.009638242596755622,0.04601024981138953,-2.045982274448379e-05,0.00010938447788783511,0.0002624574422935113,1,41
62,0.02538191956630252,0.018219497184090522,0.03298226214187788,0.018535516188854743,3.2909729530536234e-05,6.065920074050542e-05,-0.0001138903432721663,1,42
74,0.024603700329551406,0.013577541984309225,0.0053455727607441,0.045022476145226316,-5.3837522688560145e-05,1.1025664242190567e-05,0.00021692984147074487,1,43
29,0.02371065034755672,0.02046140585664034,0.030441552029208438,0.017321774401790935,-0.00010481825390869542,0.00014804065559602628,6.813776630042874e-05,1,44
13,0.023224817633590224,0.012858379800003584,0.017952488812873132,0.029588350436790117,-3.1510366877294164e-05,-0.0001404972260147321,0.00019752323005350173,1,45
37,0.0225630627095809,0.01800795145415476,0.032350513176773274,0.013255097637696538,-7.811170929003245e-05,0.00011458893667376444,2.6639838447434393e-05,1,46
65,0.02146667580354801,0.012273755532532097,0.03828257593551017,0.005618451489587523,-0.00010443564068014335,0.00015097668863410052,5.304595623317493e-05,1,47
70,0.021269636677123283,0.012881764219978149,0.00924871860944278,0.034173488687661166,-6.160620347272191e-05,1.6983136208683682e-05,5.8457768031939634e-05,1,48
58,0.02083905818407449,0.0326742456803389,0.02674911785168954,0.013683189306326348,8.974988259211579e-07,4.5352139421246746e-05,-9.958157852891589e-05,1,49
28,0.02083770137568181,0.01825385354996908,0.03638352524691219,0.005563861486105401,-7.160588405789714e-05,0.00018392139664155752,-1.4005075712875169e-05,1,50
23,0.02066219970946647,0.01661376013147461,0.032199378627426396,0.009551172326032005,-0.0001411353548750292,0.0001965253690907267,-3.745219407800409e-05,1,51
36,0.01995682575968214,0.028293821061225487,0.03341265264423902,0.005623420422331233,-0.00014030817242503685,0.00010665847229941081,-2.857003817379561e-05,1,52
5,0.019691660671938897,0.02025646426510292,0.010436841679112678,0.028887026654958375,5.204110102183476e-05,-2.7985947696704973e-05,7.464255300498155e-05,1,53
21,0.019321367929197968,0.022320152399007327,0.019777612946980223,0.018549461388277885,-0.00010090106471595737,9.738508207104762e-05,-8.646402392773999e-05,1,54
25,0.018996380590508934,0.015956804354248722,0.03475316284696646,0.003559553727341956,-0.000109721807187379,0.000216773809207492,4.782658736108437e-05,1,55
33,0.01783182913597634,0.03446643649770056,0.0328788171332918,0.0010338298374267577,-0.0001768707620098179,0.0001686523416529624,-1.2332091307904477e-07,1,56
63,0.017579621529914356,0.0277540592115323,0.026172952685080544,0.007915296934577862,-3.167445481053634e-05,7.177319491181826e-07,-6.710017321120852e-05,1,57
19,0.017567369813338223,0.016818400713870526,0.018086079076088325,0.01712749940316367,-0.00013215154392141513,0.00015355560378417448,-0.00010978890256263536,1,58
50,0.01708631847366468,0.0037499064549158787,0.0062127639758726315,0.02936370581553555,-4.849985505400246e-05,1.9434790956534346e-05,-5.570846627489969e-05,1,59
60,0.016264325286600965,0.0014207882877144459,0.02897523365045681,0.00511589450157528,-8.541216079883313e-05,-9.316022899268494e-05,3.532712623328155e-05,1,60
41,0.01607117832665286,0.047574122229346955,0.018721133191149392,0.010105124103978,-0.00012160884718242566,2.7104571186441132e-05,-3.859792780218368e-05,1,61
20,0.015983774404630415,0.011021540230812395,0.02241161881529349,0.010078270433316603,-2.2060619552151663e-05,8.992319208275812e-05,-5.2811171345160845e-05,1,62
40,0.015650480141447178,0.01658519381201679,0.021042336199587015,0.010160233170615804,-6.803736899982149e-05,6.994122210655593e-05,-4.147533799382928e-05,1,63
4,0.015456443550329182,0.004853975664750313,0.015293945185196252,0.016734991166575678,3.5319902127947124e-05,1.6627138709566398e-05,8.556019596665424e-05,1,64
72,0.015325612883178808,0.04785426488409349,0.004752385092512028,0.022474772042170358,5.4869013907616614e-05,-0.00010946184317344849,2.4514484371943938e-05,1,65
32,0.01501087701699598,0.013946306912610028,0.026319534080660713,0.0038142799643192437,-4.7252137403037943e-05,9.423324638149644e-05,-2.6300082189579533e-05,1,66
3,0.01408599793398206,0.015684746066064868,0.007990182800644995,0.020013523790257778,0.00013763359669919842,4.864563845110925e-05,0.0002489690488557167,1,67
24,0.01348366679757457,0.023363343008953704,0.019362469264941215,0.00656489841322065,-9.955725380461632e-05,8.143782012716255e-05,3.799083349154257e-05,1,68
11,0.013037989545679925,0.0019070702256281577,0.0019140396829027027,0.025333615126357335,-5.087887103120562e-06,-3.309255146625961e-05,0.000167499726803272,1,69
68,0.012276611496385256,0.039833446817886635,0.011941105249901125,0.009711398235342927,7.136946450955823e-05,6.601503322572686e-07,2.7039144073163613e-05,1,70
9,0.011990105368735621,0.0011926196395164177,0.0013292900469255076,0.023787498135726705,-4.164898998791507e-05,6.41573568790222e-06,9.670301452022401e-05,1,71
66,0.011523148001591859,0.002553376158922502,0.014084483491123454,0.009905999021814934,-0.00015499052360132813,4.171453994743547e-06,-3.257040193413897e-05,1,72
22,0.011488530094385548,0.01680581264931075,0.011599243998780233,0.010818102236840843,-6.090837761824966e-05,3.409992219681005e-05,-5.1680506559048146e-05,1,73
8,0.011481899783364656,0.0015891016089524482,0.002049630765330871,0.02195551597765236,-1.1220234095554154e-05,-2.4992178827607315e-05,0.00013972915181285642,1,74
71,0.011201379348372023,0.04061823013840466,0.0021416162058501545,0.017164631881416773,-3.255297274078861e-05,-3.5788013645266236e-05,0.00019676346996333648,1,75
10,0.010761026718087008,0.0008848081158447718,0.0070506025829963,0.01551105281130848,1.685623797020834e-06,-2.927179249908323e-05,5.1761131581667675e-05,1,76
64,0.010329552254253856,0.030436112381359334,0.005907169152434904,0.012635455342693286,5.099151707514503e-05,-2.5336511969315117e-05,-4.7076677889789e-05,1,77
96,0.010204492711831232,0.021650547521155104,0.006704395340244049,0.012499742208752744,1.2401062927798293e-06,-0.00018627333522029912,0.00025917237244208716,0,78
16,0.010088562193152807,0.003588769572572181,0.006573546254458702,0.014287766828750138,1.2602215677522615e-05,3.126363882979564e-05,-8.449165222107598e-05,0,79
7,0.009556664504182088,0.014447363158432187,0.005884961871764246,0.012713556751942023,0.000101701985860589,6.469024219796952e-05,0.000104099296810829,0,80
45,0.009265766698797277,0.04632988949232132,0.003189274283583321,0.011440772504166596,-0.00014937262886465327,-1.550656849704466e-06,-2.910630403914316e-05,0,81
2,0.0091856241886626,0.002722315660566936,0.006192415177761898,0.012859181465678637,2.398484304404558e-06,-8.626393306692113e-05,0.00010848970912009474,0,82
61,0.008567791667100796,0.003611887489884704,0.012403248397583878,0.005254009060535199,-1.2122337967494072e-05,4.7371313150415894e-05,1.1259210961411726e-05,0,83
67,0.008556340519226022,0.0455685053599064,0.005637419091395796,0.007579244595405685,-8.213746968192031e-05,4.436691878289049e-05,1.9570034967615657e-05,0,84
12,0.008506530885291554,0.0019340483213307297,0.0022101905223585717,0.015494711518115148,-3.8581183077129434e-05,-1.021288647768176e-06,0.00010828402493042819,0,85
6,0.00790831827880303,0.0012994577752501488,0.0017607665796735813,0.014751539504622258,1.8789578581811316e-05,4.754997656787299e-06,4.0869282412587325e-05,0,86
101,0.007648401824492963,0.003521340345754794,0.00898301501123411,0.006748216161829518,5.341972421692523e-06,1.1504060095124883e-05,4.559745385249574e-06,0,87
38,0.007349173378807876,0.01957544035041194,0.004006415466417635,0.009404955820502953,-5.047388416654759e-05,1.1385726164079412e-05,9.832514523987627e-06,0,88
26,0.007240246305198587,0.012261932405171982,0.01123617446139205,0.00271571961216582,-7.157866785747241e-05,4.8194778326654686e-05,2.0482871436113104e-05,0,89
46,0.007127950032868554,0.01784279240935409,0.008016834992709216,0.005111186928134679,-7.767548734554396e-05,2.1828016142379048e-05,1.683837046578868e-05,0,90
15,0.007038993513629864,0.005307655246296261,0.0010578999351634707,0.013202333225499794,-5.190788678548006e-05,1.6835548516113305e-05,4.973771064890912e-05,0,91
14,0.00654671313202841,0.017565645181278518,0.0019121336904459922,0.010021404989479238,-7.126360741453986e-05,-2.240832880138961e-06,5.4906706376354374e-05,0,92
100,0.006256219168496071,0.0015042683248681285,0.011542447251010042,0.0014701964379429371,5.44340875918098e-05,-1.1279573403343919e-05,1.738341687902847e-05,0,93
69,0.005958968637364023,0.006044670226191723,0.00905100514117063,0.0028579109136808154,-7.196927891734815e-05,1.8398576628570612e-05,3.210964187772854e-05,0,94
1,0.005353445672044112,0.0009751383306495771,0.001260400732489354,0.009907365068587769,5.325006701544881e-06,-3.2100402237301637e-06,8.586168887410602e-05,0,95
34,0.0051759196441577,0.009297229399283605,0.007898789651115165,0.002019227557713297,-2.930466580557717e-06,2.0220641850560724e-05,3.006155352567202e-06,0,96
18,0.005103240082698154,0.013626179746539426,0.0016194774857245533,0.007689851136109515,-9.794192216742923e-05,2.209969431062691e-06,3.304879135346489e-05,0,97
17,0.004875965208517057,0.0035928268670271505,0.0072050108111973606,0.002681986799677797,-6.733649356089907e-05,3.866338696299539e-06,-2.317636877930667e-05,0,98
54,0.0038069907793591012,0.020735980591099174,0.0032971281575107604,0.0025348544736558554,-5.89888436419584e-05,7.99273520685008e-05,-7.985278341810486e-05,0,99
30,0.0034151469961168322,0.007741340258191842,0.0017672798525915439,0.004607625375213172,5.518827163157222e-06,-9.44801568118672e-06,1.2419743361707365e-05,0,100
42,0.003399253415953059,0.014637390133418828,0.002072416906816727,0.0035431281653561532,-4.668591810407417e-05,2.0060581422290412e-06,-1.0780246203936377e-05,0,101
0,0.0013710973832613829,0.00039304346933738627,0.000691503456320955,0.0021536443537727577,7.56488595913747e-06,-1.4130560788852672e-06,-2.598210639241516e-05,0,102
